æš–å¦‚é£_,f,3239,217,15åˆ†é’Ÿå‰,ä»™å¥³å‘³çš„iPhone X,188,2992986264,31,1,ä½ åœ¨å“ªï¼Ÿâ¤,6,0,0,0,#1å—å‡ºå‘#,4454104472846733,0,False,https://wx3.sinaimg.cn/crop.0.0.640.640.640/b2655898ly1fnn6lgqaghj20v90v9q3i.jpg,https://wx4.sinaimg.cn/orj480/b2655898ly8fi6lj8aoi4j20c80c83zk.jpg,11,True,https://m.weibo.cn/u/2992986264?uid=2992986264,4453783117749481
é™ˆYYYYT,f,199,281,15åˆ†é’Ÿå‰,iPhoneå®¢æˆ·ç«¯,461,3820821235,32,1,å¾€åä½™ç”Ÿ å†¬é›ªæ˜¯ä½  æ˜¥èŠ±æ˜¯ä½  å¤é›¨ä¹Ÿæ˜¯ä½  ç§‹é»„æ˜¯ä½  å››å­£å†·æš–æ˜¯ä½  ç›®å…‰æ‰€è‡´ä¹Ÿæ˜¯ä½ ,10,0,0,0,#1å—å‡ºå‘# @TTTå”5,4454104472532598,0,False,https://tva3.sinaimg.cn/crop.0.0.640.640.640/a1d3feabjw1eca1ktsx9tj20hs0hsjtk.jpg,https://wx1.sinaimg.cn/orj480/e3bd1af3ly8ga3a3jswvpj20e80e8q3l.jpg,2,False,https://m.weibo.cn/u/3820821235?uid=3820821235,4453783117749481
å¹¿ç™½Z5,f,11,168,15åˆ†é’Ÿå‰,å‘Šåˆ«ä¸å¿«vivo V3,336,5907700101,9,0,,3,0,0,0,#ä¸€å—å‡ºå‘# æ–°å¹´å¿«ä¹ï½,4454104472358986,0,False,https://tva1.sinaimg.cn/crop.0.0.640.640.640/549d0121tw1egm1kjly3jj20hs0hsq4f.jpg,https://wx2.sinaimg.cn/orj480/006rO6Fvly8fqd7kecgccj30ig0iggmk.jpg,0,False,https://m.weibo.cn/u/5907700101?uid=5907700101,4453783117749481
æºç³»ç”·å‹,f,773,400,15åˆ†é’Ÿå‰,HUAWEI nova 3,23864,5791955782,30,4,,31,0,0,0,#1å—å‡ºå‘#,4454104471993994,0,False,https://wx1.sinaimg.cn/crop.0.0.640.640.640/006jYshEly1g9oc7vydwej30u00u0ndf.jpg,https://wx2.sinaimg.cn/orj480/006jYshEly8g9giusxnzzj30ro0rogma.jpg,11,True,https://m.weibo.cn/u/5791955782?uid=5791955782,4453783117749481
ç•¥ç•¥ç•¥ls,f,188,160,15åˆ†é’Ÿå‰,OPPO Reno 10å€å˜ç„¦ç‰ˆ,37,1801944250,30,0,,12,0,0,0,#ä¸€å…ƒå‡ºå‘# æä½³ç¦ï¼ï¼ï¼,4454104468141620,0,False,https://tva2.sinaimg.cn/crop.0.0.640.640.640/a1d3feabjw1ecasunmkncj20hs0hsq4j.jpg,https://ww1.sinaimg.cn/orj480/6b677cbajw8f20wx56ht6j20ru0rv0u2.jpg,0,False,https://m.weibo.cn/u/1801944250?uid=1801944250,4453783117749481
Monerlia,m,15,82,15åˆ†é’Ÿå‰,iPhoneå®¢æˆ·ç«¯,133,5767669148,4,0,,4,0,0,0,#1å—å‡ºå‘# æŠ½ï½,4454104464428088,0,False,https://tva1.sinaimg.cn/crop.0.0.640.640.640/6ce2240djw1e9112irynuj20hs0hs42i.jpg,https://wx4.sinaimg.cn/orj480/006ikydKly8fhtn3kq3blj30e80e8wfg.jpg,0,False,https://m.weibo.cn/u/5767669148?uid=5767669148,4453783117749481
é‚£å¹´æ—§æ—¶å…‰W,f,520,170,15åˆ†é’Ÿå‰,iPhoneå®¢æˆ·ç«¯,1288,3288466062,32,1,ç™½èŒ¶æ¸…æ¬¢æ— åˆ«äº‹ï¼Œæˆ‘åœ¨ç­‰é£ä¹Ÿç­‰ä½ ã€‚,15,0,0,0,æ¥äº† ,4454104455969373,0,False,https://tva1.sinaimg.cn/crop.0.0.640.640.640/549d0121tw1egm1kjly3jj20hs0hsq4f.jpg,https://wx2.sinaimg.cn/orj480/c402028ely8g2veai6y3vj20u00u0768.jpg,2,False,https://m.weibo.cn/u/3288466062?uid=3288466062,4453783117749481
è€é™ˆé†‹çŒæ±¤åŒ…,f,64,85,15åˆ†é’Ÿå‰,è£è€€æ‰‹æœº å‹‡æ•¢åšè‡ªå·±,246,3081675103,4,0,,12,0,0,0,è½¬å‘å¾®åš,4454104451769096,0,False,https://tva1.sinaimg.cn/crop.0.0.640.640.640/549d0121tw1egm1kjly3jj20hs0hsq4f.jpg,https://wx1.sinaimg.cn/orj480/b7aea15fly8g95nr4kp7qj20ro0ro41l.jpg,0,False,https://m.weibo.cn/u/3081675103?uid=3081675103,4453783117749481
å·´å•¦å•¦å°é€æ˜,f,385,756,15åˆ†é’Ÿå‰,iPhoneå®¢æˆ·ç«¯,671,6635776917,21,1,å§å§å§,12,0,0,0,#1å—å‡ºå‘#,4454104451209226,0,False,https://tva1.sinaimg.cn/crop.0.0.640.640.640/549d0121tw1egm1kjly3jj20hs0hsq4f.jpg,https://wx1.sinaimg.cn/orj480/007f52HXly8g19ex6jy9kj30ku0kumyb.jpg,2,False,https://m.weibo.cn/u/6635776917?uid=6635776917,4453783117749481
ç©¿å±±ç”²å’Œçˆ·çˆ·925,f,119,388,15åˆ†é’Ÿå‰,iPhoneå®¢æˆ·ç«¯,73,5538051852,14,1,ä»‹ç»ä¸‹è‡ªå·±æˆ‘å«ç©¿å±±ç”²,9,0,0,0,#ä¸€å—å‡ºå‘# [çˆ±ä½ ][çˆ±ä½ ][çˆ±ä½ ]æ˜¯æˆ‘çš„,4454104447109801,0,False,https://tva1.sinaimg.cn/crop.0.0.640.640.640/549d0121tw1egm1kjly3jj20hs0hsq4f.jpg,https://wx4.sinaimg.cn/orj480/0062N6gYly8g1wibacijxj30e80e80t1.jpg,2,False,https://m.weibo.cn/u/5538051852?uid=5538051852,4453783117749481
æœ¨æœ¨å¤•æ˜€,m,210,481,13å°æ—¶å‰,Weibo.intl,2919,1785174675,34,0,,20,0,0,0,è½¬å‘å¾®åš,4453907289763046,0,False,https://tva1.sinaimg.cn/crop.0.0.640.640.640/549d0121tw1egm1kjly3jj20hs0hsq4f.jpg,https://wx1.sinaimg.cn/orj480/6a679a93ly8fixjez9l83j20dc0dcmxl.jpg,0,False,https://m.weibo.cn/u/1785174675?uid=1785174675,4453900813935891
é—»å–§äº«é™_wjj,f,540,495,13å°æ—¶å‰,iPhoneå®¢æˆ·ç«¯,8465,1240015320,43,0,é™æ°´æµæ·±ï¼Œé—»å–§äº«é™ã€‚ç©ºå±±é¸£å“ï¼Œè§æƒ¯å¸ç©ºã€‚,20,0,0,0,@ç­é™é™å¨‡ å¥½é˜”çˆ±,4453907272942312,0,False,https://tva2.sinaimg.cn/crop.0.0.640.640.640/a1d3feabjw1ecasunmkncj20hs0hsq4j.jpg,https://ww1.sinaimg.cn/orj480/49e921d8jw1e8qgp5bmzyj2050050aa8.jpg,0,False,https://m.weibo.cn/u/1240015320?uid=1240015320,4453900813935891
å¹´å¤ªå¹³_,m,5226,247,13å°æ—¶å‰,æäº‘é¾™çš„iPhone X,11280,6800754476,15,3,è‡ªè¯æ˜¯ä¸€ä¸ªåœˆå¥—,11,0,1,9,é˜¶æ¢¯è‰²å·,4453907218703521,0,False,https://wx1.sinaimg.cn/crop.0.0.640.640.640/007qfgUkgy1g3uzwvf0pfj30e80e8mxa.jpg,https://wx1.sinaimg.cn/orj480/007qfgUkly8gab6di897dj30u00u075o.jpg,12,True,https://m.weibo.cn/u/6800754476?uid=6800754476,4453900813935891
æ— å¿ƒè€…æ— æ‰€è°“yz,f,179,406,13å°æ—¶å‰,iPhone 11 Pro,16989,2740685400,41,4,,27,0,0,0,ä»Šæ™šå—æƒŠå“çš„+7[ç¬‘cry][ç¬‘cry]//@æ¯å¤©éƒ½å¦‚æ­¤å†·é™:å“ˆå“ˆå“ˆå“ˆå“ˆå“ˆå“ˆå“ˆå“ˆå“ˆå“ˆä»Šæ™šå¥½å¥½ç©[å“ˆå“ˆ]#å¼ è‹¥æ˜€ä¸€æœ¬æ­£ç»èƒ¡è¯´å…«é“# [ç¬‘cry]#ç”µè§†å‰§åº†ä½™å¹´#,4453907163604871,0,False,https://tva2.sinaimg.cn/crop.0.0.640.640.640/a1d3feabjw1ecasunmkncj20hs0hsq4j.jpg,https://wx3.sinaimg.cn/orj480/a35b8a58ly8g6bqrcvlmqj20u00u075v.jpg,12,True,https://m.weibo.cn/u/2740685400?uid=2740685400,4453900813935891
å…­å…ƒå°å¥¶ç›–,f,188,374,13å°æ—¶å‰,åˆ˜æ˜Šç„¶çš„æš–é˜³,256,5618164253,9,4,lhr æˆ‘é’Ÿæ„ä½ å•Š,12,0,0,0,å“ˆå“ˆå“ˆå“ˆå¥½å¯çˆ±,4453907143535621,0,False,https://wx2.sinaimg.cn/crop.0.0.640.640.640/0068dfatly1g4rh7igyc5j30u00u0h2q.jpg,https://wx2.sinaimg.cn/orj480/0068dfatly8g6vc1qeyx5j30ro0ro0ux.jpg,12,True,https://m.weibo.cn/u/5618164253?uid=5618164253,4453900813935891
è‹ç´ é…¥è‚…,m,302,245,13å°æ—¶å‰,iPhoneå®¢æˆ·ç«¯,6392,2233401262,14,0,Sebastian Stanæ˜¯ä¸–ç•Œä¸Šæœ€ç”œçš„å°å­©ğŸ’—,16,0,0,0,æœ‰äººæ‹ç…§è¦è®°ä½æ’è¢‹,4453907130282100,0,False,https://tva2.sinaimg.cn/crop.0.0.640.640.640/a1d3feabjw1ecasunmkncj20hs0hsq4j.jpg,https://wx4.sinaimg.cn/orj480/851effaely8ga9c6vgbo5j20u00u076c.jpg,0,False,https://m.weibo.cn/u/2233401262?uid=2233401262,4453900813935891
è¹²è¹²è˜‘è‡,f,119,436,13å°æ—¶å‰,HUAWEI P20,6638,5908093764,24,3,,12,0,0,0,å“ˆå“ˆå“ˆå“ˆå“ˆå“ˆå“ˆå“ˆå“ˆå“ˆå“ˆå“ˆå“ˆå“ˆ,4453907125774816,0,False,https://tva1.sinaimg.cn/crop.0.0.640.640.640/549d0121tw1egm1kjly3jj20hs0hsq4f.jpg,https://wx4.sinaimg.cn/orj480/006rPL4Uly8g3v7yvoppmj30ig0igaap.jpg,12,False,https://m.weibo.cn/u/5908093764?uid=5908093764,4453900813935891
HBZSQHRY_å¦®,f,144,601,13å°æ—¶å‰,æœç‹—é«˜é€Ÿæµè§ˆå™¨,12994,2045922831,42,0,â¤ å¼ è‹¥æ˜€ï¼Œèƒœå‡ºï¼Œç´¢é¦™â¤       æ··åœˆå¤šï¼Œéå¸¸çš„æ‚é£Ÿ,14,0,0,0,å“ˆå“ˆå“ˆå“ˆå“ˆè¿™ä¸ªè¡¨æƒ…çœŸçš„å¥½æç¬‘å•Š//@å´–ä½™Skye: ï¼Ÿå¼ è‹¥æ˜€ç©¿çš„æ˜¯ çš®è£¤ï¼Ÿ//@é›»åŠ›æœºæ¢°å‚:å“ˆå“ˆå“ˆå“ˆå“ˆå“ˆå“ˆå“ˆå“ˆå“ˆå“ˆå“ˆå¯çˆ±,4453907083997637,0,False,https://tva1.sinaimg.cn/crop.0.0.640.640.640/9d44112bjw1f1xl1c10tuj20hs0hs0tw.jpg,https://wx4.sinaimg.cn/orj480/79f24e0fly8g9gphparwgj20ro0rowha.jpg,0,False,https://m.weibo.cn/u/2045922831?uid=2045922831,4453900813935891
å®è“åºšå¦–,f,610,703,13å°æ—¶å‰,iPhoneå®¢æˆ·ç«¯,10063,1764985177,36,1,å†è§,14,0,0,0,å“ˆå“ˆå“ˆå“ˆå“ˆå“ˆå“ˆå“ˆå“ˆå“ˆå“ˆå“ˆå“ˆå“ˆå“ˆå“ˆå“ˆå“ˆå“ˆå“ˆå“ˆå“ˆå“ˆå“ˆå“ˆå“ˆå“ˆå“ˆå“ˆå“ˆå“ˆå“ˆå“ˆå“ˆå“ˆå“ˆå“ˆå“ˆå“ˆå“ˆå“ˆå“ˆå“ˆå“ˆå“ˆå“ˆå“ˆå“ˆå“ˆå“ˆå“ˆå“ˆå“ˆå“ˆå“ˆå“ˆå“ˆå“ˆå“ˆå“ˆå“ˆå“ˆå“ˆå“ˆå“ˆå“ˆå“ˆå“ˆå“ˆå“ˆå“ˆå“ˆå“ˆå“ˆå“ˆå“ˆå“ˆå“ˆå“ˆå“ˆå“ˆå“ˆå“ˆå“ˆå“ˆå“ˆå“ˆå“ˆå“ˆå“ˆå“ˆå“ˆå“ˆå“ˆå“ˆå“ˆå“ˆå“ˆå“ˆå“ˆå“ˆå“ˆå“ˆå“ˆå“ˆå“ˆå“ˆå“ˆå“ˆå“ˆå“ˆå“ˆå“ˆå“ˆå“ˆå“ˆå“ˆå“ˆå“ˆå“ˆå“ˆå“ˆå“ˆå“ˆå“ˆå“ˆå“ˆå“ˆå“ˆå“ˆå“ˆå“ˆå“ˆå“ˆå“ˆå“ˆå“ˆå“ˆå“ˆå“ˆ,4453907067178610,0,False,https://tva1.sinaimg.cn/crop.0.0.640.640.640/6ce2240djw1e9112irynuj20hs0hs42i.jpg,https://wx3.sinaimg.cn/orj480/69338959ly8g2ge5275npj20ro0ro77a.jpg,2,False,https://m.weibo.cn/u/1764985177?uid=1764985177,4453900813935891
ä¸€æ¯å¯çˆ±é…±,f,52387,515,13å°æ—¶å‰,,5256,3831869829,42,6,ä½ ç‰¹åˆ«å¥½ï¼Œæˆ‘å–œæ¬¢ä½ ğŸ¥°,25,0,0,0,åŠ¨å›¾æŠŠä¸å¯æ€è®®å±•ç°çš„æ·‹æ¼“å°½è‡´ï¼Œå“ˆå“ˆå“ˆ,4453906962877801,0,False,https://wx3.sinaimg.cn/crop.0.0.640.640.640/e465b185gy1g9prz95234j20u00u0gst.jpg,https://wx1.sinaimg.cn/orj480/e465b185ly8g9mynli4gnj20ro0ro0u0.jpg,12,True,https://m.weibo.cn/u/3831869829?uid=3831869829,4453900813935891
ç›ä¸½è‹æ¥ æ¥ ,f,1599,1214,æ˜¨å¤© 12:38,æ¥ å§ğŸŒˆiPhone X,6177,1709393540,48,6,ç»†èŠ‚æ§,15,0,0,0,å¦ˆå‘€[å·ç¬‘],4453728532395557,0,False,https://wx4.sinaimg.cn/crop.0.0.640.640.640/65e34684ly1g8zpi2apyuj20v90v90tn.jpg,https://wx3.sinaimg.cn/orj480/65e34684ly8g99bwbm1zlj20u00u0ju0.jpg,12,False,https://m.weibo.cn/u/1709393540?uid=1709393540,4453721385297961
Mylovelymoonpie,f,64,606,æ˜¨å¤© 12:37,å°ç”œé¥¼çš„iPhoneå®¢æˆ·ç«¯,1226,2543397244,34,2,åˆ«å…³æ³¨ è„¾æ°”ä¸å¥½ï½œæœ¬å‘½åŒåˆ˜ï½œğ™ƒğ™€ğ™‰ğ™ğ™”-ğ™ğ™‰ğ™„ğ™‘ğ™€ğ™ğ™ğ™€,18,0,1,0,+7å“¥å“¥å®çº¢@æˆ‘æ˜¯å®¶è™çš„å¨˜äº²å•Š,4453728461515211,0,False,https://wx3.sinaimg.cn/crop.0.0.640.640.640/9799297cgy1ga1t8u01loj20yi0yijsr.jpg,https://wx1.sinaimg.cn/orj480/9799297cly8g9dy3yjwtqj20u00u0wgx.jpg,12,False,https://m.weibo.cn/u/2543397244?uid=2543397244,4453721385297961
æƒå®¶é™å°è½²,f,691,602,æ˜¨å¤© 12:37,iPhone 11,15657,2373128162,47,4,PEACEMINUSONE,26,0,0,0,å‰å®³äº†å–‚ï¼@è´è´æ¯›æ¯›å®,4453728448477087,0,False,https://wx1.sinaimg.cn/crop.0.0.640.640.640/8d730fe2ly1g7gop3tonlj20e80e8ta9.jpg,https://wx3.sinaimg.cn/orj480/8d730fe2ly8fo3f6zzgwhj20yi0yi414.jpg,12,False,https://m.weibo.cn/u/2373128162?uid=2373128162,4453721385297961
å¤±è¯­å°èŠ±,f,1057,854,æ˜¨å¤© 12:37,,2084,7038538020,16,3,ä½ æœ‰æ²¡æœ‰è¯•è¿‡åœ¨å¤œé‡Œç£¨ä¸€æŠŠè™šæ„çš„åˆ€å»æ€äº†é‚£ä¸ªçœ‹ä¸è§çš„è‡ªå·±,10,0,0,0,å•Šå•Šå•Šå•Šå•ŠåŠ±å¿—ä¹°ä¸‹æä½³ç¦ç›´æ’­é—´,4453728444278365,0,False,https://wx3.sinaimg.cn/crop.0.0.640.640.640/007GkZgMly1g4k31gduncj30u00u0ant.jpg,https://wx2.sinaimg.cn/orj480/007GkZgMly8ga5pqfg6h8j30ru0ruq4l.jpg,11,True,https://m.weibo.cn/u/7038538020?uid=7038538020,4453721385297961
Romance_loey,f,40,254,æ˜¨å¤© 12:37,,4237,5180127802,14,4,æ²¡å¿ƒæ²¡è‚ºåƒé¥±å°±ç¡,20,0,0,0,æˆ‘æ¥äº†ï¼ï¼ï¼,4453728440059100,0,False,https://wx3.sinaimg.cn/crop.0.0.640.640.640/005EzhSqly1g12mjssusjj30u00u04cv.jpg,https://wx1.sinaimg.cn/orj480/005EzhSqly8g9e45azhfej30ro0ro428.jpg,11,False,https://m.weibo.cn/u/5180127802?uid=5180127802,4453721385297961
é±¼å†»èººè†›,f,158,581,æ˜¨å¤© 12:37,HUAWEI nova 3i,23990,5187782525,31,1,æˆ‘æ­¤ç”Ÿè¯¥æœ‰ä¸€æ¡é‡‘æ¯›å’Œä¸€ä¸ªå¸…å“¥,28,0,0,0,å¥½ï¼,4453728423648020,0,False,https://tva1.sinaimg.cn/crop.0.0.640.640.640/9d44112bjw1f1xl1c10tuj20hs0hs0tw.jpg,https://wx4.sinaimg.cn/orj480/005F5pdHly8g5f56f96whj30u00u077y.jpg,2,False,https://m.weibo.cn/u/5187782525?uid=5187782525,4453721385297961
å‡ºå‘å§_è¿œåŠå¤©é™…,f,2579,97,æ˜¨å¤© 12:37,,12584,5887625512,9,6,å¼ çš„çš„çœŸå¯çˆ±ã€‚ä¸“æ³¨å¼ å…ˆæ£®ï¼Œå…¶ä»–ä¸å…³å¿ƒã€‚æ—¥å¸¸è€ƒå¤æœæ–™ï¼Œä¸ä¼šç‰¹åˆ«è¯´æ˜æ—¶é—´ï¼Œéƒ¨åˆ†èµ„æ–™æ¥æºwbæ—¥å¸¸å±è”½æ‰€ä»¥æ— æ³•ç»™å‡ºåŸåœ°å€ï¼Œå°½é‡è¯„è®ºè´´å‡ºï¼Œæœ‰ä¾µæƒè¯·ç§ä¿¡ã€‚,18,1,0,2,ç°åœºè®©ä»–åšèœæœ‰å¯èƒ½å—ï¼Ÿ #å¼ è‹¥æ˜€ç”µè§†å‰§åº†ä½™å¹´# ,4453728385610437,0,False,https://tva1.sinaimg.cn/crop.0.0.640.640.640/549d0121tw1egm1kjly3jj20hs0hsq4f.jpg,https://wx4.sinaimg.cn/orj480/006qrSlOly8fyw2f8oeioj30y90u0n04.jpg,12,True,https://m.weibo.cn/u/5887625512?uid=5887625512,4453721385297961
èµ·ä¸äº†çš„è‚‰å¤¹é¦,f,683,176,æ˜¨å¤© 12:37,å®‡å®™çº§å°å¯çˆ±,34239,1652035241,48,6,è„±ç¾Šä»”é¥­åœˆï¼Œä¸è„±ç²‰ï¼Œè¯·å–å…³æˆ‘è°¢è°¢ğŸ™å„å®‰å¤©å‘½ï¼Œå¥½è‡ªä¸ºä¹‹,26,0,0,0,äºŒå“ˆå“¥å“¥[æ†§æ†¬][æ†§æ†¬][æ†§æ†¬],4453728365572311,0,False,https://wx1.sinaimg.cn/crop.0.0.640.640.640/62780ea9gy1g7z2ggw6vpj20v90v9wh0.jpg,https://wx2.sinaimg.cn/orj480/62780ea9ly8g6hf7dm4oij20e80e8glw.jpg,12,False,https://m.weibo.cn/u/1652035241?uid=1652035241,4453721385297961
5ä¸ªæ°”çƒ,m,60,148,æ˜¨å¤© 12:37,Weibo.intl,222,2427055841,10,0,ä¸€ä¸ªè‹¹æœğŸ,5,0,0,0,æˆ‘è¦çœ‹å°èŒƒå¤§äººå’Œç†ç†å§‘å¨˜[ä½©å¥‡],4453728356568152,0,False,https://tva1.sinaimg.cn/crop.0.0.640.640.640/549d0121tw1egm1kjly3jj20hs0hsq4f.jpg,https://wx3.sinaimg.cn/orj480/90a9eee1ly8g9fqh2shmxj20e80e8mxz.jpg,0,False,https://m.weibo.cn/u/2427055841?uid=2427055841,4453721385297961
å¾çš‡çš„å°ç¹å,f,193,151,æ˜¨å¤© 12:15,Weibo.intl,6695,3592048455,14,4,æ„¿æˆ‘ä»¬æ¯ä¸€ä¸ªäººéƒ½è¢«ä¸–ç•Œå–„è‰¯å¯¹å¾…ã€‚,21,0,3,0,å‰æ’ï¼Œå®‰æ’,4453722786376788,0,False,https://wx2.sinaimg.cn/crop.0.0.640.640.640/d61a4f47ly1g5urqd8cqaj20k00k043u.jpg,https://wx1.sinaimg.cn/orj480/d61a4f47ly8g7lyk8s8z2j20ig0igq3g.jpg,12,False,https://m.weibo.cn/u/3592048455?uid=3592048455,4453722706691491
è‡ªå™¶è¨ä¼Š,f,133,89,12å°æ—¶å‰,è£è€€8X,3442,2770931751,9,0,æ˜¯åªå‘å…‰çš„å‡¤å‡°ï¼Œè¿˜æ˜¯åªå¿«ä¹çš„éº»é›€ï¼,8,0,0,0,æ¥å“¦ï¼Œä½³ç¦æ¢ç§˜å·¥åŠ,4453924918294995,0,False,https://tva1.sinaimg.cn/crop.0.0.640.640.640/549d0121tw1egm1kjly3jj20hs0hsq4f.jpg,https://wx3.sinaimg.cn/orj480/a5291027ly8ffgoox56v2j20ro0rodi6.jpg,0,False,https://m.weibo.cn/u/2770931751?uid=2770931751,4453522642424521
æ¢¦é‡Œä¼šæœ‰ä¸ªç”œç”œçš„æ‹çˆ±,f,82,211,12å°æ—¶å‰,vivo X23 AIéå‡¡æ‘„å½±,166,5262022856,9,0,ä»‹ç»ä¸€ä¸‹ï¼Œä»Šå¹´æˆ‘å«æŸ æª¬,14,0,0,0,æˆ‘å¯ä»¥å—ï¼Ÿï¼Ÿæˆ‘å¯ä»¥ï¼,4453924809731742,0,False,https://tva1.sinaimg.cn/crop.0.0.640.640.640/549d0121tw1egm1kjly3jj20hs0hsq4f.jpg,https://wx4.sinaimg.cn/orj480/005K6Uwoly8g5w98kn9vuj30ro0rojtx.jpg,0,False,https://m.weibo.cn/u/5262022856?uid=5262022856,4453522642424521
äº‘ä¸Šå—“,f,436,150,12å°æ—¶å‰,OnePlus 6,19662,1882467733,44,3,ä¸­åå„¿å¥³ï¼Œç”Ÿè€Œä¸ºäººè¦å–„è‰¯ã€‚æ²ˆæ˜Œç‰ğŸ‘é˜¿äº‘å˜âš¡ï¸æ¨ç´«ğŸ™‰æ˜“çƒŠåƒçºğŸˆ2019å¹´è§â˜ï¸å…¶ä»–å¢™å¤´ä»¬æœ‰ç¼˜è§ğŸ’œâ¤ï¸ğŸ•Š,26,0,0,0,çœ‹æˆ‘ï¼,4453924570415849,0,False,https://tva1.sinaimg.cn/crop.0.0.640.640.640/9d44112bjw1f1xl1c10tuj20hs0hs0tw.jpg,https://wx1.sinaimg.cn/orj480/70342d95ly8g9jyo6ik36j20s60s6jsg.jpg,2,False,https://m.weibo.cn/u/1882467733?uid=1882467733,4453522642424521
SHEN_11super,f,536,444,12å°æ—¶å‰,iPhoneå®¢æˆ·ç«¯,512,1744131403,36,0,"æœ‰é˜´å½±çš„åœ°æ–¹ å¿…å®šæœ‰å…‰ã€‚ Meet in Hung Hom, é™³ç”Ÿã€‚",11,0,0,0,å‰å®³[é…·][é…·][é…·][é…·][é…·][é…·],4453924507242786,0,False,https://tva1.sinaimg.cn/crop.0.0.640.640.640/549d0121tw1egm1kjly3jj20hs0hsq4f.jpg,https://ww4.sinaimg.cn/orj480/67f5554bjw8etc7j5or5gj20yi0yigow.jpg,0,False,https://m.weibo.cn/u/1744131403?uid=1744131403,4453522642424521
æ€æ­»å¿ƒè„çš„Monster_,m,781,210,12å°æ—¶å‰,iPhoneå®¢æˆ·ç«¯,2960,6581639486,9,0,"Life is short ,have some pride.æˆ‘çš„å†…å¿ƒæœ‰ä¸‡ä¸ˆæ·±æ¸Šã€‚",4,1,0,1,æŠ½æˆ‘ï¼//@ä»Šå¤©ä¹Ÿè¦æ—©ç¡æ—©èµ·å‘¢å‘¢:å§æ§½æˆ‘å¯ä»¥//@-è›‹è›‹è›‹ä»”-:å§æ§½å¿ƒåŠ¨äº†ï¼//@å¤•é‡è‘µ:æˆè†œç¾å®¹ä»ªå¤ªé»‘ç§‘æŠ€äº†å§ï¼ï¼ï¼,4453924340192469,0,False,https://tva1.sinaimg.cn/crop.0.0.640.640.640/549d0121tw1egm1kjly3jj20hs0hsq4f.jpg,https://wx2.sinaimg.cn/orj480/007bpT5Aly8g64h7te1q3j30u00u076l.jpg,0,False,https://m.weibo.cn/u/6581639486?uid=6581639486,4453522642424521
buttercupé…¸é…¸,f,206,219,12å°æ—¶å‰,çˆ±ğŸ¨çš„Android,1868,5910878074,26,5,ä¹Ÿå­¦ä¼šäº†åŒ…å®¹ ä»æœªå¦‚æ­¤è½»æ¾ é—å¿˜æ˜¯ä¸€ç§é¢†æ‚Ÿ æ‰æ‡‚å¾—yeï½,18,0,0,0,ğŸ‘€,4453924331792122,0,False,https://wx2.sinaimg.cn/crop.0.0.640.640.640/006s1rp8ly1g8orsqxj6cj30u00u0dp7.jpg,https://wx2.sinaimg.cn/orj480/006s1rp8ly8ga833rvwruj30ro0ro74x.jpg,12,False,https://m.weibo.cn/u/5910878074?uid=5910878074,4453522642424521
AllRiseSilver_Yunxun,f,1673,1509,12å°æ—¶å‰,æèµ«å®°ç»™çš„iPhone XS Max,10730,2717123345,43,5,å…è¨â™¡ALL FOR LEE HYUKJAE,17,0,0,0,å¥½ï¼ï¼,4453924322566375,0,False,https://wx2.sinaimg.cn/crop.0.0.640.640.640/a1f40311ly1g7y5zgb6f7j20yi0yiq6r.jpg,https://wx4.sinaimg.cn/orj480/a1f40311ly8g9hqf9l8buj20u00u0whi.jpg,13,False,https://m.weibo.cn/u/2717123345?uid=2717123345,4453522642424521
äº‘ä¸Šå—“,f,436,150,12å°æ—¶å‰,OnePlus 6,19662,1882467733,44,3,ä¸­åå„¿å¥³ï¼Œç”Ÿè€Œä¸ºäººè¦å–„è‰¯ã€‚æ²ˆæ˜Œç‰ğŸ‘é˜¿äº‘å˜âš¡ï¸æ¨ç´«ğŸ™‰æ˜“çƒŠåƒçºğŸˆ2019å¹´è§â˜ï¸å…¶ä»–å¢™å¤´ä»¬æœ‰ç¼˜è§ğŸ’œâ¤ï¸ğŸ•Š,26,0,0,0,æˆ‘æƒ³è¦ç¾å®¹ä»ªï¼,4453924066636228,0,False,https://tva1.sinaimg.cn/crop.0.0.640.640.640/9d44112bjw1f1xl1c10tuj20hs0hs0tw.jpg,https://wx1.sinaimg.cn/orj480/70342d95ly8g9jyo6ik36j20s60s6jsg.jpg,2,False,https://m.weibo.cn/u/1882467733?uid=1882467733,4453522642424521
-æœˆç‰™ä¸ƒæ—¬-,f,418,723,æ˜¨å¤© 00:45,iPhoneå®¢æˆ·ç«¯,16033,2920037571,29,1,æ‚é£Ÿçˆ±å¥½è€…,15,0,0,0,è¿™æˆ‘çœŸçš„æ…•äº†,4453549301795035,0,False,https://wx4.sinaimg.cn/crop.0.0.640.640.640/ae0c3cc3ly1gaaqzbt4huj20e80e8gmx.jpg,https://wx3.sinaimg.cn/orj480/ae0c3cc3ly8gaaqywdzllj20e80e8glw.jpg,11,False,https://m.weibo.cn/u/2920037571?uid=2920037571,4453548781638680
è±¡æ—è²çˆ±æ¶‚é¸¦,f,1842,10567,æ˜¨å¤© 00:45,iPhoneå®¢æˆ·ç«¯,97163,1724306912,48,4,æœç²‰ The world is ï½ book and who do not travel only read one page.,39,0,0,0,è½¬å‘å¾®åš,4453549260303703,0,False,https://tva1.sinaimg.cn/crop.0.0.640.640.640/549d0121tw1egm1kjly3jj20hs0hsq4f.jpg,https://wx4.sinaimg.cn/orj480/66c6d5e0ly8g2xb7a7mokj20u00u0whc.jpg,2,False,https://m.weibo.cn/u/1724306912?uid=1724306912,4453548781638680
ä¸¢äºˆä¸€,f,46579,221,æ˜¨å¤© 00:45,ç¨€é¥­æ‘”åçš„iPhone XS Max,1491,2661406914,44,6,æ™’å¨ƒç‹‚é­”,14,0,6,14,é“ç†æˆ‘æ‡‚ï¼Œä½†å‰§é‡Œå‚é‡Œå‚æ°”çš„æ˜¯å’‹å›äº‹ï¼Œè¦äº‰å‚èŠ±å—ï¼Ÿ,4453549259587190,0,False,https://wx1.sinaimg.cn/crop.0.0.640.640.640/9ea1d8c2ly1g8ett8ecv6j20yi0yigps.jpg,https://wx1.sinaimg.cn/orj480/9ea1d8c2ly8g9ybm29787j20u00u0aik.jpg,12,True,https://m.weibo.cn/u/2661406914?uid=2661406914,4453548781638680
å°æ˜åŒå­¦å–å¥¶ä¸åŠ ç³–o,m,15,36,æ˜¨å¤© 00:45,nova5Proäººåƒè¶…çº§å¤œæ™¯,15,6917215874,4,0,å·¥ä½œ,2,0,0,0,æ™šå®‰,4453549125520665,0,False,https://tva1.sinaimg.cn/crop.0.0.640.640.640/549d0121tw1egm1kjly3jj20hs0hsq4f.jpg,https://wx4.sinaimg.cn/orj480/007y7VPYly8fytr10mq71j30u00u010d.jpg,0,False,https://m.weibo.cn/u/6917215874?uid=6917215874,4453548781638680
åæ‚”æ²¡æœ‰æ—©ç‚¹é‡åˆ°æä½³ç¦,m,18,70,æ˜¨å¤© 00:45,çº¢ç±³Redmi,165,5928786332,1,0,heheheh,3,0,0,0,@æä½³ç¦Austin ä¼šçœ‹çš„ï¼Œæ˜å¤©å°±çœ‹ã€‚ä½³ç¦ï¼Œæœ‰æ²¡æœ‰è¢«æ’©åˆ°å‘¢ï¼Ÿæˆ‘å‘ç°ä½ çš„è€³æœµğŸ‘‚ğŸ» éƒ½æ³›çº¢äº†ã€‚å“ˆå“ˆå“ˆå“ˆå“ˆå“ˆå“ˆå“ˆ[doge][doge][doge][doge],4453549070885991,0,False,https://tva3.sinaimg.cn/crop.0.0.640.640/6ce2240djw1e9uwsjwemzj20hs0hs41z.jpg,https://wx1.sinaimg.cn/orj480/006teAa0ly8g9ueg5fv4cj30ro0rojss.jpg,0,False,https://m.weibo.cn/u/5928786332?uid=5928786332,4453548781638680
èŒå¦¹ç¿»çº¸æœº,m,182,590,æ˜¨å¤© 00:44,Shareå¾®åšå®¢æˆ·ç«¯,10624,6060718747,26,1,çœ‹çœ‹è‡ªæ‹ğŸ’,12,0,0,0,ä½ è¿™å¤´ä¹Ÿä¸å°å¨ƒ,4453549020703266,0,False,https://tva1.sinaimg.cn/crop.0.0.640.640.640/9d44112bjw1f1xl1c10tuj20hs0hs0tw.jpg,https://wx4.sinaimg.cn/orj480/006Ca9Obly8ga6olnyadlj30sg0sg0v7.jpg,2,False,https://m.weibo.cn/u/6060718747?uid=6060718747,4453548781638680
ä¸€ä¸ªå¾ˆå¼€å¿ƒçš„ID,f,40,120,æ˜¨å¤© 00:44,iPhoneå®¢æˆ·ç«¯,1989,6180768365,4,0,å¸Œæœ›æ¯ä¸€å¤©çš„å¼€å¿ƒ,7,0,0,0,zdlzdl,4453548982712790,0,False,https://tva1.sinaimg.cn/crop.0.0.640.640.640/549d0121tw1egm1kjly3jj20hs0hsq4f.jpg,https://wx3.sinaimg.cn/orj480/006KhSclly8fp6jqn0gptj30e80e8jro.jpg,0,False,https://m.weibo.cn/u/6180768365?uid=6180768365,4453548781638680
é™Œ-åŠ°,f,68,274,3å°æ—¶å‰,iPhoneå®¢æˆ·ç«¯,477,5179777637,9,0,ğŸ˜‘,11,0,0,0,è½¬å‘å¾®åš,4454050886055053,0,False,https://tva3.sinaimg.cn/crop.0.0.640.640.640/a1d3feabjw1eca1gkmhz8j20hs0hswfn.jpg,https://wx4.sinaimg.cn/orj480/005ExOMBly8fvycn2hz71j30yi0yiwge.jpg,0,False,https://m.weibo.cn/u/5179777637?uid=5179777637,4453394293253632
DJè‰¾ä¾,f,181,788,3å°æ—¶å‰,å°ç±³6X æ‹äººæ›´ç¾,354,5662428234,9,1,åŸåˆ›æ•…äº‹  ä¼´ä½ å…¥çœ ,18,0,0,0,å•Šå•Šå•Š,4454050852404526,0,False,https://tva1.sinaimg.cn/crop.0.0.640.640.640/549d0121tw1egm1kjly3jj20hs0hsq4f.jpg,https://wx3.sinaimg.cn/orj480/006bcYfEly8fycbj1r2maj30qo0qodh1.jpg,2,False,https://m.weibo.cn/u/5662428234?uid=5662428234,4453394293253632
å­æƒ _Taec,f,119,740,3å°æ—¶å‰,iPhoneå®¢æˆ·ç«¯,5499,2288427443,36,0,,9,0,0,0,è½¬å‘å¾®åš,4454050784940580,0,False,https://tva1.sinaimg.cn/crop.0.0.640.640.640/549d0121tw1egm1kjly3jj20hs0hsq4f.jpg,https://ww3.sinaimg.cn/orj480/8866a1b3jw8f00kn7f2umj20ku0kumz4.jpg,0,False,https://m.weibo.cn/u/2288427443?uid=2288427443,4453394293253632
å ç¥,f,1060,307,3å°æ—¶å‰,Android,6480,5144169419,39,4,â€¦â€¦â€¦â€¦,15,0,0,0,å¥½çš„å‘¢,4454050705463645,0,False,https://tva1.sinaimg.cn/crop.0.0.640.640.640/9d44112bjw1f1xl1c10tuj20hs0hs0tw.jpg,https://wx2.sinaimg.cn/orj480/005C8psvly8fkhhq2n0nvj30ro0rojsn.jpg,2,False,https://m.weibo.cn/u/5144169419?uid=5144169419,4453394293253632
æˆ‘è¦è¢«ä½ ç¬‘æ­»äº†,m,179,491,3å°æ—¶å‰,iPhoneå®¢æˆ·ç«¯,559,5225134966,14,1,æˆ‘ä½›ä¸æ¸¡å“ˆæ‰¹,14,0,0,0,[å†°é›ªå¥‡ç¼˜é›ªå®],4454050675888502,0,False,https://wx1.sinaimg.cn/crop.0.0.640.640.640/005HC8iqgy1g2fq2r5ytaj30yi0yi19y.jpg,https://wx1.sinaimg.cn/orj480/005HC8iqly8g98wjyjchxj30u00u0tb7.jpg,2,False,https://m.weibo.cn/u/5225134966?uid=5225134966,4453394293253632
å–œæ¬¢åƒæ³¡èœç±³é¥­,f,63,82,3å°æ—¶å‰,HUAWEI nova 2s,31,6519800311,11,0,æˆ–è®¸æˆ‘ä»¬ä¼šå†ç›¸é‡,6,0,0,1,æ‰€æœ‰å¥³ç”Ÿæˆ‘å¾ˆå–œæ¬¢,4454050659471087,0,False,https://tva1.sinaimg.cn/crop.0.0.640.640.640/549d0121tw1egm1kjly3jj20hs0hsq4f.jpg,https://wx2.sinaimg.cn/orj480/0077epTxly8ga89498l70j30ig0ig0t2.jpg,0,False,https://m.weibo.cn/u/6519800311?uid=6519800311,4453394293253632
2019è¯·å«æˆ‘è¿‡å„¿,f,822,418,3å°æ—¶å‰,OPPO Reno Z,4956,5644309054,36,2,å°å“ä¸€çº§çˆ±å¥½è€…,33,0,0,0,è½¬å‘å¾®åš,4454050592448969,0,False,https://tva1.sinaimg.cn/crop.0.0.640.640.640/9d44112bjw1f1xl1c10tuj20hs0hs0tw.jpg,https://wx4.sinaimg.cn/orj480/0069YWCOly8g4aa70odt6j30u00u0k5w.jpg,2,False,https://m.weibo.cn/u/5644309054?uid=5644309054,4453394293253632
ç§¯æåˆå¯çˆ±çš„æˆ‘å‘€,f,31,149,3å°æ—¶å‰,è£è€€V20 4800ä¸‡3Dç›¸æœº,117,5522825279,4,0,è¶ŠåŠªåŠ›è¶Šå¹¸è¿ï¼Œgood luck to you!,4,0,0,0,è½¬å‘,4454050474966049,0,False,https://tva1.sinaimg.cn/crop.0.0.640.640.640/549d0121tw1egm1kjly3jj20hs0hsq4f.jpg,https://wx4.sinaimg.cn/orj480/0061Ld95ly8g8jp39kkewj30ro0rowge.jpg,0,False,https://m.weibo.cn/u/5522825279?uid=5522825279,4453394293253632
è§è§_é£,f,172,232,3å°æ—¶å‰,iPhoneå®¢æˆ·ç«¯,874,1996835420,25,0,ä¸€ä¸ªæ¼‚åœ¨å¼ å®¶æ¸¯æ±Ÿé˜´çš„é’å²›å«š,7,0,0,0,æŠ½ä¸­æˆ‘,4454050453559070,0,False,https://tva4.sinaimg.cn/crop.0.0.640.640/7c85468fjw1e8yq7122ixj20hs0hsq3j.jpg,https://wx4.sinaimg.cn/orj480/77054a5cly8feh9ruye4bj20dx0e80tr.jpg,0,False,https://m.weibo.cn/u/1996835420?uid=1996835420,4453394293253632
Eryaoo,f,130,102,2å°æ—¶å‰,iPhoneå®¢æˆ·ç«¯,224,5597190101,28,0,ç”¨ä½™ç”ŸæŠµè¾¾æœˆäº®,6,0,0,0,ğŸ™ƒ,4454078312308458,0,False,https://tva2.sinaimg.cn/crop.0.0.640.640.640/a1d3feabjw1ecasunmkncj20hs0hsq4j.jpg,https://wx1.sinaimg.cn/orj480/0066NePHly8g1vh1foh24j30kv0kvab7.jpg,0,False,https://m.weibo.cn/u/5597190101?uid=5597190101,4453480892529230
å¥‡è¹Ÿå°ç¾Š,f,283,378,2å°æ—¶å‰,å¼ è‰ºå…´çš„å…´è¿·,3271,3295253815,39,5,ä¸‡äº‹èƒœæ„,27,0,0,0,ğŸ™‹,4454078287594007,0,False,https://wx2.sinaimg.cn/crop.0.0.640.640.640/c4699537gy1g9xlgkawo8j20ku0kuad0.jpg,https://wx1.sinaimg.cn/orj480/c4699537ly8g7um6i03dlj20e80e8t8x.jpg,12,False,https://m.weibo.cn/u/3295253815?uid=3295253815,4453480892529230
ä¸æƒ³æ‰¾åå­—äº†,f,111,112,2å°æ—¶å‰,HUAWEI Mate 30 5G,52,5078680186,14,4,å¤©ç‹ç›–åœ°è™,9,0,0,0,è½¬äº†è½¬äº†ï¼ŒæŠ½æˆ‘,4454078241335393,0,False,https://wx4.sinaimg.cn/crop.0.0.640.640.640/a1d3feably1fl9nr80k11j20hs0hsmze.jpg,https://wx3.sinaimg.cn/orj480/005xHCIyly8ffs1tqbz1dj30ro0rpq4p.jpg,2,False,https://m.weibo.cn/u/5078680186?uid=5078680186,4453480892529230
æŒ‘æˆ˜å‡è‚¥ä¸æˆåŠŸç¬¬19å¹´,f,242,552,2å°æ—¶å‰,OPPOè¶…è§†é‡å…¨é¢å±R15,309,5842161361,28,1,æƒ³è§è®¸å…‰æ±‰å’Œå½­å† è‹±,16,0,0,0,ï¼ï¼ï¼ï¼ï¼,4454078220726226,0,False,https://tva1.sinaimg.cn/crop.0.0.640.640.640/9d44112bjw1f1xl1c10tuj20hs0hs0tw.jpg,https://wx3.sinaimg.cn/orj480/006nn733ly8g9xv28pe2nj30ro0rowgk.jpg,2,False,https://m.weibo.cn/u/5842161361?uid=5842161361,4453480892529230
ç”¨æˆ·6704964090,f,2,722,2å°æ—¶å‰,vivo X23å…¨æ¯å¹»å½©,8,6704964090,4,0,æ€ä¹‹æœ‰è¿‡ï¼Œç‘¶ä¹‹ä¸åŠï¼Œè¿å­—å½“å¤´ï¼,4,0,0,0,ç¤¼ç‰©,4454078207399317,0,False,https://tva1.sinaimg.cn/crop.0.0.640.640.640/549d0121tw1egm1kjly3jj20hs0hsq4f.jpg,https://ss1.sinaimg.cn/orj480/default_avatar_female_180&690,0,False,https://m.weibo.cn/u/6704964090?uid=6704964090,4453480892529230
å®‰é™åœ°é£è¡Œ,f,3,79,2å°æ—¶å‰,iPadå®¢æˆ·ç«¯,28,2370589100,8,0,å®š,5,0,0,0,ç¤¼ç‰©â•äºº,4454078190882175,0,False,https://tva1.sinaimg.cn/crop.0.0.640.640.640/549d0121tw1egm1kjly3jj20hs0hsq4f.jpg,https://wx2.sinaimg.cn/orj480/8d4c51acly8ffvgxpwt26j20yi0z140r.jpg,0,False,https://m.weibo.cn/u/2370589100?uid=2370589100,4453480892529230
æ··ä¸–é­”ç‹å°ä¹”ä¸¹,f,366,276,2å°æ—¶å‰,å¾®åš weibo.com,2095,2574110601,14,0,ç¢§ç¼‡ç¦æµ™æ±Ÿæ€»ä»£ç†ã€‚å¾®ä¿¡å·ï¼š523976484 å¥½å¥½å·¥ä½œï¼Œå¥½å¥½ç”Ÿæ´»ï¼Œæ²¡å¿ƒæ²¡è‚ºï¼Œå¤§è€ŒåŒ–ä¹‹~,7,0,0,0,å¨‡å…°è¶…æ¼‚äº®~,4454078153016562,0,False,https://tva3.sinaimg.cn/crop.0.0.640.640.640/68f96449tw1egwcah85a8j20hs0hsdic.jpg,https://ww3.sinaimg.cn/orj480/996dcf89jw1e8qgp5bmzyj2050050aa8.jpg,0,False,https://m.weibo.cn/u/2574110601?uid=2574110601,4453480892529230
å°çƒŸ0207,f,415,103,2å°æ—¶å‰,iPhoneå®¢æˆ·ç«¯,9315,3889627409,38,1,,19,0,0,0,è½¬å‘å¾®åš,4454078098582193,0,False,https://tva1.sinaimg.cn/crop.0.0.640.640.640/549d0121tw1egm1kjly3jj20hs0hsq4f.jpg,https://wx4.sinaimg.cn/orj480/e7d70111ly8fdjfkywbyzj20hs0inwf1.jpg,2,False,https://m.weibo.cn/u/3889627409?uid=3889627409,4453480892529230
ä¸¢äº†å°¾å·´çš„å°å–µ,f,122,117,2å°æ—¶å‰,iPhoneå®¢æˆ·ç«¯,142,1677698621,29,0,è®°å¿†æ˜¯æ¡å¥å¿˜çš„é±¼',5,0,0,0,æˆ‘å¯ä»¥å˜»å˜»@ä¸€é¢—å°æ¨±æ¡ƒæ¡ƒæ¡ƒ,4454078069123362,0,False,https://tva1.sinaimg.cn/crop.0.0.640.640.640/549d0121tw1egm1kjly3jj20hs0hsq4f.jpg,https://ww1.sinaimg.cn/orj480/63ffa63djw8eoh8pwaveaj20v90v6abl.jpg,0,False,https://m.weibo.cn/u/1677698621?uid=1677698621,4453480892529230
