1743,4454105273694984,16分钟前,小米8周年旗舰手机,6888056244,啵啵啵啵啵软糖,"https://tvax3.sinaimg.cn/crop.0.0.1002.1002.180/007w9A5mly8gaapv0v1fhj30ru0rutbd.jpg?KID=imgbed,tva&Expires=1577436680&ssig=7uiXsll8bz",False,49,2,https://m.weibo.cn/u/6888056244?uid=6888056244,4454070540407849
1743,4454101091569984,32分钟前,iPhone客户端,5403579269,雪明er,"https://tvax1.sinaimg.cn/crop.0.0.750.750.180/005TGROlly8g5s02lw1yzj30ku0kujt5.jpg?KID=imgbed,tva&Expires=1577436680&ssig=dzwRCmzAqb",False,7,0,https://m.weibo.cn/u/5403579269?uid=5403579269,4454070540407849
1743,4454096159617937,52分钟前,HUAWEI P30,3555158264,蘑菇与栗子,"https://tvax1.sinaimg.cn/crop.0.0.568.568.180/d3e768f8ly8ft1dcmlam1j20fs0fsjrq.jpg?KID=imgbed,tva&Expires=1577436680&ssig=z5YuKWbosN",False,1909,0,https://m.weibo.cn/u/3555158264?uid=3555158264,4454070540407849
1743,4454095358004936,55分钟前,iPhone 5s,5914179707,酒酒Jeamjio_w,"https://tvax1.sinaimg.cn/crop.0.0.640.640.180/006sfijhly8ga01pib1a9j30hs0hs0tx.jpg?KID=imgbed,tva&Expires=1577436680&ssig=eS8o1xqgl%2B",False,182,11,https://m.weibo.cn/u/5914179707?uid=5914179707,4454070540407849
1743,4454089998069722,1小时前,荣耀V20 4800万3D相机,3962605715,Diamond璨君,"https://tvax1.sinaimg.cn/crop.0.0.664.664.180/ec309093ly8fm2rzv53o4j20ig0ig75o.jpg?KID=imgbed,tva&Expires=1577436680&ssig=zPHvGtuVk6",False,3322,2,https://m.weibo.cn/u/3962605715?uid=3962605715,4454070540407849
1743,4454083328476101,1小时前,三星android智能手机,2231898825,燃烧的影法师,"https://tva4.sinaimg.cn/crop.0.0.720.720.180/850812c9jw8eobwu1x74bj20k00k0abg.jpg?KID=imgbed,tva&Expires=1577436680&ssig=931V8uvqRK",False,78,0,https://m.weibo.cn/u/2231898825?uid=2231898825,4454070540407849
1743,4454083274035041,1小时前,荣耀 9X,6922747733,鲁迅的猹呢,"https://tvax1.sinaimg.cn/crop.0.0.996.996.180/007yv8Vvly8ga4wvkamvgj30ro0ro76n.jpg?KID=imgbed,tva&Expires=1577436680&ssig=KhcNQm3rZR",False,66,0,https://m.weibo.cn/u/6922747733?uid=6922747733,4454070540407849
1743,4454082082823231,1小时前,HUAWEI Mate 20 Pro,1970212583,龟梨和也你什么时候娶我,"https://tvax1.sinaimg.cn/crop.0.0.1002.1002.180/756f0ee7ly8fz8wa7cpdrj20ru0rudhr.jpg?KID=imgbed,tva&Expires=1577436680&ssig=T2ExVgL1K%2B",False,119,2,https://m.weibo.cn/u/1970212583?uid=1970212583,4454070540407849
1743,4454079507833194,1小时前,iPhone客户端,5208616981,山荫绿茗,"https://tvax1.sinaimg.cn/crop.0.0.1080.1080.180/005GuPdjly8g763vbjiefj30u00u0tai.jpg?KID=imgbed,tva&Expires=1577436680&ssig=POaGUiQwzG",False,115,12,https://m.weibo.cn/u/5208616981?uid=5208616981,4454070540407849
1743,4454079348275565,1小时前,Share微博客户端,6104923741,秃头薇,"https://tvax3.sinaimg.cn/crop.0.0.300.300.180/006F9DxXly8g402z4nmzij308c08c3zd.jpg?KID=imgbed,tva&Expires=1577436680&ssig=U2AO%2BGOrjN",False,282,0,https://m.weibo.cn/u/6104923741?uid=6104923741,4454070540407849
1743,4454077616335811,2小时前,Share微博客户端,3324594550,酒酿芋圆圆,"https://tvax1.sinaimg.cn/crop.0.0.995.995.180/c6294976ly8g99cplhqioj20rn0rnwhi.jpg?KID=imgbed,tva&Expires=1577436680&ssig=pa%2F1U8Z3UV",False,574,11,https://m.weibo.cn/u/3324594550?uid=3324594550,4454070540407849
1743,4454076064938207,2小时前,HUAWEI nova 3i,5730682874,茶山有夏芽_,"https://tvax2.sinaimg.cn/crop.0.0.996.996.180/006fPmoWly8g9vddgkatkj30ro0rojuq.jpg?KID=imgbed,tva&Expires=1577436680&ssig=KqVUP1lQ5L",False,999,11,https://m.weibo.cn/u/5730682874?uid=5730682874,4454070540407849
1743,4454076017956469,2小时前,vivo S1照亮你的美,5668171391,萝卜吃鸭,"https://tvax3.sinaimg.cn/crop.0.0.996.996.180/006bB4jdly8ga1v33qp3vj30ro0romyc.jpg?KID=imgbed,tva&Expires=1577436680&ssig=Nv6KmDIK%2Bk",False,95,2,https://m.weibo.cn/u/5668171391?uid=5668171391,4454070540407849
1743,4454072562740909,2小时前,和砖头一样iPhone 11 Pro Max,1768776862,冰摇桃桃团叽,"https://tvax3.sinaimg.cn/crop.0.0.1080.1080.180/696d649ely8g8s3r1hr5uj20u00u0jzh.jpg?KID=imgbed,tva&Expires=1577436680&ssig=2KJ%2FqMG128",False,1099,13,https://m.weibo.cn/u/1768776862?uid=1768776862,4454070540407849
1743,4454072335428188,2小时前,小米CC9,2644628843,河图先生的贴心小棉袄,"https://tvax1.sinaimg.cn/crop.0.0.1002.1002.180/9da1d56bly8g6vegl3z99j20ru0ruwgb.jpg?KID=imgbed,tva&Expires=1577436680&ssig=mKv4xYw23r",False,185,0,https://m.weibo.cn/u/2644628843?uid=2644628843,4454070540407849
1743,4454072025613154,2小时前,荣耀 9X,7298351065,全脂小饼干,"https://tvax2.sinaimg.cn/crop.0.0.996.996.180/007XV8vLly8g8ps4fv5bnj30ro0rowhi.jpg?KID=imgbed,tva&Expires=1577436680&ssig=5gxTdQhMP2",False,41,2,https://m.weibo.cn/u/7298351065?uid=7298351065,4454070540407849
1743,4454071483847838,2小时前,荣耀手机 勇敢做自己,5503135152,scgdfhv,"https://tvax2.sinaimg.cn/crop.0.0.664.664.180/0060qAQoly8g94u171g0yj30ig0igdg8.jpg?KID=imgbed,tva&Expires=1577436680&ssig=Kas%2BnOKx4z",False,136,11,https://m.weibo.cn/u/5503135152?uid=5503135152,4454070540407849
1743,4454071467943664,2小时前,iPhone 8,2677934980,Goma,"https://tvax3.sinaimg.cn/crop.0.0.512.512.180/9f9e0b84ly8g98ykow216j20e80e8t9a.jpg?KID=imgbed,tva&Expires=1577436680&ssig=13leLK5x9E",False,1656,11,https://m.weibo.cn/u/2677934980?uid=2677934980,4454070540407849
1743,4454071241062811,2小时前,荣耀V9 play 颜值之选,6098049700,是浔,"https://tvax1.sinaimg.cn/crop.0.0.664.664.180/006EGNikly8g20teoexigj30ig0iggnd.jpg?KID=imgbed,tva&Expires=1577436680&ssig=STOcsuIjML",False,58,0,https://m.weibo.cn/u/6098049700?uid=6098049700,4454070540407849
1743,4454070666887479,2小时前,魔法少女Android,5976795609,西西伯利亚大尾巴岚,"https://tvax1.sinaimg.cn/crop.0.0.996.996.180/006wu1zbly8g9ruhwa8bsj30ro0roac8.jpg?KID=imgbed,tva&Expires=1577436680&ssig=wElPWArXge",False,61,11,https://m.weibo.cn/u/5976795609?uid=5976795609,4454070540407849
1743,4454070658018614,2小时前,HUAWEI P20,5621000672,竹川萤w,"https://tvax2.sinaimg.cn/crop.0.0.664.664.180/0068p93aly8g9yysp6pwmj30ig0igjt8.jpg?KID=imgbed,tva&Expires=1577436680&ssig=%2F3cwU%2FzqA%2B",False,191,0,https://m.weibo.cn/u/5621000672?uid=5621000672,4454070540407849
1743,4454070611696478,2小时前,OPPO智能手机,6377199489,元气不羁小姐姐,"https://tvax3.sinaimg.cn/crop.0.0.664.664.180/006XA4Uhly8g8511arulpj30ig0igq3q.jpg?KID=imgbed,tva&Expires=1577436680&ssig=e4LCmCXZMx",False,158,2,https://m.weibo.cn/u/6377199489?uid=6377199489,4454070540407849
